﻿<?xml version="1.0" encoding="utf-8"?><projectmanifest>
  <header>
    <manifestversion>1.5</manifestversion>
    <platformversion>1.5</platformversion>
    <type>Project</type>
    <name>Siemens.SimaticIT.TcM4DM.AppTcM4DM</name>
    <shortname>AppTcM4DM</shortname>
    <description>Teamcenter Integration</description>
    <version>03.00.00</version>
    <companyname>Siemens.SimaticIT.TcM4DM</companyname>
    <author>Siemens.SimaticIT.TcM4DM</author>
    <hash>xK3SQ3+9jrSZn2wzbKqgbipQ6Tdj/a0RMkwXt/w5GtM=</hash>
  </header>
  <reference>
    <functionalblocks>
      <functionalblock>
        <name>Siemens.SimaticIT.U4DM.RD.FB.ConfigKey</name>
        <version>03.00.00</version>
        <type>Library</type>
      </functionalblock>
      <functionalblock>
        <name>Siemens.SimaticIT.U4DM.FB_RD_SERV</name>
        <version>03.00.00</version>
        <type>Library</type>
      </functionalblock>
      <functionalblock>
        <name>Siemens.SimaticIT.U4DM.FB_MS_EXT</name>
        <version>03.00.00</version>
        <type>Library</type>
      </functionalblock>
      <functionalblock>
        <name>Siemens.SimaticIT.U4DM.FB_MS_BOP</name>
        <version>03.00.00</version>
        <type>Library</type>
      </functionalblock>
      <functionalblock>
        <name>Siemens.SimaticIT.U4DM.TCInt</name>
        <version>03.00.00</version>
        <type>Library</type>
      </functionalblock>
    </functionalblocks>
  </reference>
  <artifacts>
    <commands><command>
                                <name>Siemens.SimaticIT.TcM4DM.AppTcM4DM.AppTcM4DM.TMPOMModel.Commands.PLMImport</name>
                                <shortname>PLMImport</shortname>
                                <description> Used in integration with Teamcenter. Imports the Bill of Process from Teamcenter.</description>
                                <assembly>Siemens.SimaticIT.TcM4DM.AppTcM4DM.AppTcM4DM.TMPOMModel.Commands, Version=1.1.0.0, Culture=neutral, PublicKeyToken=null</assembly>
                                <dotnetcommandtype> Used in integration with Teamcenter. Imports the Bill of Process from Teamcenter.</dotnetcommandtype>
                                <commandtype>Undefined</commandtype>
                                <domain>AppTcM4DM</domain>
                                <visibility>Protected</visibility>
                                <composite>true</composite>
                                <taglist>
                                </taglist>
                                <securable>true</securable>
                                <handlers>
                                        <handler>
                                                <name>Siemens.SimaticIT.TcM4DM.AppTcM4DM.AppTcM4DM.TMPOMModel.Commands.PLMImportHandlerShell</name>
                                                <assembly>Siemens.SimaticIT.TcM4DM.AppTcM4DM.CommandHandler, Version=0.0.0.0, Culture=neutral, PublicKeyToken=null</assembly>
                                                <target_cpu>x86</target_cpu>
                                                <dependencies></dependencies>
                                        </handler>
                                </handlers>
                        </command><command>
                                <name>Siemens.SimaticIT.TcM4DM.AppTcM4DM.AppTcM4DM.TMPOMModel.Commands.TCMCreateDocumentList</name>
                                <shortname>TCMCreateDocumentList</shortname>
                                <description> The command creates a list of Documents.</description>
                                <assembly>Siemens.SimaticIT.TcM4DM.AppTcM4DM.AppTcM4DM.TMPOMModel.Commands, Version=1.1.0.0, Culture=neutral, PublicKeyToken=null</assembly>
                                <dotnetcommandtype> The command creates a list of Documents.</dotnetcommandtype>
                                <commandtype>Undefined</commandtype>
                                <domain>AppTcM4DM</domain>
                                <visibility>Protected</visibility>
                                <composite>true</composite>
                                <taglist>
                                </taglist>
                                <securable>true</securable>
                                <handlers>
                                        <handler>
                                                <name>Siemens.SimaticIT.TcM4DM.AppTcM4DM.AppTcM4DM.TMPOMModel.Commands.TCMCreateDocumentListHandlerShell</name>
                                                <assembly>Siemens.SimaticIT.TcM4DM.AppTcM4DM.CommandHandler, Version=0.0.0.0, Culture=neutral, PublicKeyToken=null</assembly>
                                                <target_cpu>x86</target_cpu>
                                                <dependencies></dependencies>
                                        </handler>
                                </handlers>
                        </command></commands>
    <events></events>
    <event_handlers></event_handlers>
    <signals></signals>
    <readingFunctions></readingFunctions>
    <entities></entities>
    <datamodels><datamodel>
      <assembly>Siemens.SimaticIT.TcM4DM.AppTcM4DM.AppTcM4DM.TMPOMModel.Types, Version=1.1.0.0, Culture=neutral, PublicKeyToken=null</assembly>
      <mode>WR</mode>
      <domain>AppTcM4DM</domain>
    </datamodel><datamodel>
      <assembly>Siemens.SimaticIT.TcM4DM.AppTcM4DM.AppTcM4DM.TMPOMModel.Types.ReadingModel, Version=1.1.0.0, Culture=neutral, PublicKeyToken=null</assembly>
      <mode>RD</mode>
      <domain>AppTcM4DM</domain>
    </datamodel></datamodels>
    <externaldatamodels></externaldatamodels>
    <appdatamodels><appdatamodel>
              <assembly>Siemens.SimaticIT.TcM4DM.AppTcM4DM.AppTcM4DM.TMPOMModel.PublicModel, Version=1.1.0.0, Culture=neutral, PublicKeyToken=null</assembly>
              <domain>AppTcM4DM</domain>
           </appdatamodel></appdatamodels>
    <uimodules></uimodules>
    <uicomponents></uicomponents>
  </artifacts>
  <security>
    <roles></roles>
  </security>
  <runtime>
    <event_subscriptions></event_subscriptions>
    <handlergroups></handlergroups>
  </runtime>
<pom><commands>
                        <command>
                                <name>Siemens.SimaticIT.TcM4DM.AppTcM4DM.AppTcM4DM.TMPOMModel.Commands.PLMImport</name>
                                <alias>PLMImport</alias>
                                <composite>true</composite>
                        </command>
                        <command>
                                <name>Siemens.SimaticIT.TcM4DM.AppTcM4DM.AppTcM4DM.TMPOMModel.Commands.TCMCreateDocumentList</name>
                                <alias>TCMCreateDocumentList</alias>
                                <composite>true</composite>
                        </command>
                </commands></pom></projectmanifest>